{
  "backup_type": "initial",
  "created_at": "2025-11-28T11:38:21.373521",
  "version": "1.0",
  "files_included": [
    "app_working.py",
    "Procfile",
    "requirements.txt",
    "runtime.txt",
    "data\\aplicaciones.json",
    "data\\fondos_internacionales.xlsx",
    "data\\plantilla_proyectos.xlsx",
    "data\\postulaciones.json",
    "data\\proyectos.xlsx",
    "data\\proyectos_actualizados.xlsx",
    "data\\proyectos_completos.xlsx",
    "data\\proyectos_fortalecidos.xlsx",
    "data\\proyectos_fortalecidos_corregidos.xlsx",
    "static\\logo_iica.svg",
    "static\\logo_iica_institucional.svg",
    "static\\logo_iica_oficial.svg",
    "static\\css\\institucional.css",
    "static\\logos\\logo_iica_oficial.svg",
    "static\\plantillas\\Plantilla_Monitoreo_Calidad.docx",
    "static\\plantillas\\Plantilla_Plan_Desarrollo_Comunitario.docx",
    "static\\plantillas\\Plantilla_Plan_Emprendimiento.docx",
    "static\\plantillas\\Plantilla_Plan_Gestion_Agua.docx",
    "static\\plantillas\\Plantilla_Plan_Gestion_Residuos.docx",
    "static\\plantillas\\Plantilla_Plan_I_D.docx",
    "static\\plantillas\\Plantilla_Plan_Manejo_Suelo.docx",
    "static\\plantillas\\Plantilla_Plan_Seguridad_Alimentaria.docx",
    "static\\plantillas\\Plantilla_Plan_Vida_Carrera.docx",
    "static\\plantillas\\Plantilla_Produccion_Alimentos.docx",
    "static\\plantillas\\Plantilla_Propuesta_Tecnica.docx",
    "static\\plantillas\\Plantilla_Transferencia_Tecnologica.docx",
    "templates\\about.html",
    "templates\\adjudicados.html",
    "templates\\admin.html",
    "templates\\agregar_fondo.html",
    "templates\\agregar_fondo_dinamico.html",
    "templates\\ai_search.html",
    "templates\\awarded.html",
    "templates\\backup.html",
    "templates\\busqueda_avanzada.html",
    "templates\\dashboard.html",
    "templates\\dashboard_avanzado.html",
    "templates\\dashboard_iica.html",
    "templates\\dashboard_iica_completo.html",
    "templates\\dashboard_simple.html",
    "templates\\detalle_fondo.html",
    "templates\\detalle_fondo_dinamico.html",
    "templates\\detalle_fondo_mejorado.html",
    "templates\\detalle_fondo_optimized.html",
    "templates\\detalle_proyecto.html",
    "templates\\documento_detalle.html",
    "templates\\error.html",
    "templates\\fondos.html",
    "templates\\fondos_abiertos_dinamico.html",
    "templates\\fondos_disponibles.html",
    "templates\\fondos_disponibles_dinamico.html",
    "templates\\fondos_internacionales.html",
    "templates\\fondos_optimized.html",
    "templates\\formulario_postulacion.html",
    "templates\\home.html",
    "templates\\home_actualizado.html",
    "templates\\home_amigable.html",
    "templates\\home_didactico.html",
    "templates\\home_estetico.html",
    "templates\\home_iica_colors.html",
    "templates\\home_iica_dinamico.html",
    "templates\\home_iica_simple.html",
    "templates\\home_institucional.html",
    "templates\\home_institucional_completo.html",
    "templates\\home_ligero.html",
    "templates\\home_ordenado.html",
    "templates\\home_ordenado_mejorado.html",
    "templates\\home_simple.html",
    "templates\\index.html",
    "templates\\index_dinamico.html",
    "templates\\index_mejorado.html",
    "templates\\index_optimized.html",
    "templates\\login.html",
    "templates\\mis_aplicaciones.html",
    "templates\\mis_favoritos.html",
    "templates\\mis_postulaciones.html",
    "templates\\noticias_dinamicas.html",
    "templates\\notificaciones.html",
    "templates\\postulaciones.html",
    "templates\\postulacion_exitosa.html",
    "templates\\postulacion_fondo.html",
    "templates\\postular.html",
    "templates\\proyecto_detalle.html",
    "templates\\proyecto_detalle_completo.html",
    "templates\\proyecto_detalle_fortalecido.html",
    "templates\\proyecto_detalle_institucional.html",
    "templates\\quienes_somos.html",
    "templates\\register.html",
    "templates\\reportes.html",
    "templates\\seguimiento_postulaciones.html",
    "templates\\todos_los_proyectos.html",
    "templates\\todos_los_proyectos_mejorado.html"
  ],
  "size_mb": 1.34
}